1619218800,64264,11841,46639,41844,15814,10579,1811
1618614000,66245,12184,46723,42461,17590,11600,1932
1618009200,68551,10080,51270,47813,14885,10658,2396
1617404400,67854,11725,50205,46457,15783,9671,1866
1616803200,73556,13647,51899,49845,19654,10064,2003
1616198400,76191,13922,53138,52048,21171,10221,1882
1615593600,72510,14246,50675,48057,20384,10208,1451
1614988800,73876,13825,52294,49243,19147,10808,2434
1614384000,75168,11695,54885,52436,17921,11037,2362
1613779200,75914,11364,56207,53430,17232,11120,2475
1613174400,72989,10878,54028,52242,16337,9869,2623
1612569600,65500,11795,49423,44141,14146,9564,1930
1611964800,63294,11628,48468,42046,12738,9620,2088
1611360000,60550,11802,47030,39159,11475,9589,2045
1610755200,60573,11112,46134,39920,12667,9541,1772
1610150400,61703,11627,46611,40366,12903,9711,2189
1604707200,52226,14751,30418,29441,19824,8034,1984
1604102400,53370,14382,30325,30894,20916,8093,2128
1603494000,53284,15182,29096,29896,22188,8206,1999
1602889200,52324,15161,29608,29130,20332,8034,2385
1602284400,52812,15159,29052,29622,21371,8031,2389
1601679600,56493,17537,32422,31597,22060,7358,2011
1601074800,60629,17432,34767,33891,23794,9306,2069
1600470000,63299,15717,42401,38887,18900,8694,1997
1599865200,60908,16222,38058,35808,21017,8877,1834
1599260400,61797,14626,41762,38280,18795,8892,1241
1598655600,59057,13721,40092,37186,17359,8151,1607
1598050800,59635,13720,41890,37825,15985,8088,1760
1597446000,57999,13452,41409,37200,14921,7346,1669
1596841200,56735,13814,39340,35327,15901,7594,1495
1596236400,55642,13042,40473,35601,13090,6999,2079
1595631600,52971,12765,37574,33385,13035,6821,2362
1595026800,48913,13203,33784,28754,12800,6955,2329
1594422000,50072,13741,34757,29728,12655,6602,2660
1593817200,48761,14012,33033,28975,13385,5775,2343
1593212400,47869,13743,35742,27816,9953,6310,2174
1592607600,53419,17854,38607,29591,12195,5973,2617
1592002800,54095,16531,39645,30739,12367,6824,2083
1591398000,56044,16853,41730,32263,11834,6929,2480
1590793200,54842,15442,41135,33353,11423,6047,2284
1590188400,55029,14857,39698,33946,12871,6227,2461
1589583600,53502,16375,35470,31412,15085,5715,2946
1588978800,53959,16694,35853,31654,15211,5611,2894
1588374000,54738,17396,35856,31785,16189,5558,2695
1587769200,52830,17573,34130,29294,15713,5962,2987
1587164400,57316,18644,38415,32205,16403,6468,2499
1586559600,57792,18533,39292,32943,15848,6316,2652
1585954800,57694,18510,40588,32827,14737,6357,2369
1585353600,66720,22487,48306,36462,15825,7770,2588
1584748800,70948,22887,51141,40532,16584,7530,3224
1584144000,79538,20900,58168,50136,19029,8502,2341
1583539200,85589,20533,59160,55571,23715,9485,2713
1582934400,100133,18160,77340,70795,20384,11178,2409
1582329600,105009,16007,87829,77982,14890,11020,2290
1581724800,103247,16246,86758,77128,14198,9873,2292
1581120000,103820,15113,87092,78318,14525,10389,2203
1580515200,108540,15246,92318,82722,13416,10571,2806
1579910400,108811,15090,93032,82428,13270,11293,2510
1579305600,108600,15436,90579,82348,15310,10816,2712
1578700800,105878,15726,88748,79169,14752,10981,2377
1576886400,101278,17755,80924,72715,17719,10808,2635
1576281600,97078,16888,75417,68805,18876,11387,2786
1575676800,92980,18264,72874,63417,17963,11299,2142
1575072000,92338,19400,73248,61794,17018,11143,2070
1574467200,90349,18484,68962,60620,18868,11246,2519
1573862400,92826,20127,66246,60958,23927,11741,2653
1573257600,93627,18040,72202,64952,19082,10634,2343
1572652800,89869,17968,66449,61132,18818,10769,4603
1572044400,87551,17865,62508,58316,23139,11370,1905
1571439600,86802,18488,61079,57044,23865,11270,1859
1570834800,85255,18493,54406,55401,28974,11361,1876
1570230000,86171,18507,53630,56375,30183,11290,2358
1569625200,92731,17753,61721,63386,28055,11592,2956
1569020400,101825,22413,66136,67819,32161,11592,3528
1568415600,98054,20497,65352,66569,29594,10987,3108
1567810800,92489,16323,60057,64364,28889,11802,3543
1567206000,80121,17719,49927,51500,27551,10901,2643
1566601200,79388,19226,46754,49969,30005,10192,2629
1565996400,78850,17983,47606,50466,28412,10401,2831
1565391600,77393,16887,47600,49245,27061,11262,2731
1564786800,78390,15686,49860,52268,25944,10436,2587
1564182000,78909,15257,43404,53204,32046,10447,3458
1563577200,79470,16489,40047,52246,36076,10735,3347
1562972400,81254,20018,33800,49935,43912,11301,3543
1562367600,83000,18614,36001,53307,43978,11078,3021
1561762800,90621,23008,33924,54912,53487,12701,3210
1561158000,93721,25826,36634,54736,53309,13159,3777
1560553200,89527,23026,38352,54739,47729,11762,3446
1559948400,85971,19881,35058,54803,47628,11288,3285
1559343600,85480,20742,35504,53141,45806,11598,4170
1558738800,80441,19663,41514,51062,36126,9717,2802
1558134000,77052,16268,48893,51717,25461,9068,2698
1557529200,76776,15450,51410,52340,22872,8985,2493
1556924400,75798,12966,53791,52828,19506,10004,2501
1556319600,77382,13879,53758,53514,21047,9989,2576
1555714800,76596,13934,54313,52759,19430,9903,2853
1555110000,77891,13703,55146,53792,19714,10396,3032
1554505200,69809,14773,45485,45700,21101,9336,3222
1553904000,73742,15683,47765,47985,22366,10075,3610
1553299200,78561,19102,46078,48685,28860,10775,3624
1552694400,79367,20770,45899,48013,30149,10584,3318
1552089600,79627,19143,48755,50351,27130,10133,3743
1551484800,82539,17128,43428,54172,35879,11240,3232
1550880000,85019,20997,31719,52599,49919,11424,3381
1550275200,86462,24589,31801,49735,50888,12138,3772
1549670400,82363,21581,36823,49277,42221,11504,3319
1549065600,83588,21719,35385,50391,44905,11478,3298
1548460800,86612,22578,34161,51362,48709,12671,3742
1547856000,84585,21465,37598,51392,43375,11728,3612
1547251200,88045,20795,42008,56101,43225,11150,2812
1546560000,83669,19586,39505,53574,40692,10510,3472
1545955200,82399,20296,39507,51146,39118,10958,3776
1545436800,83684,20308,38628,52811,40996,10565,4061
1544832000,82978,18892,36203,53985,42815,10101,3960
1544227200,77444,17407,38536,50340,35331,9696,3576
1543622400,73473,16207,44876,48984,25271,8282,3327
1543017600,71206,16196,44123,46964,23991,8046,3093
1542412800,72031,16395,44390,47802,24576,7833,3066
1541808000,77229,16385,48159,52662,26306,8184,2765
1541203200,76986,19410,40360,49345,33327,8231,3300
1540594800,76343,20576,38145,47344,34504,8423,3696
1539990000,77778,19625,39941,49481,34931,8671,2905
1539385200,75613,20273,34144,46842,37631,8497,3838
1538780400,74794,20355,33174,46053,37923,8386,3697
1538175600,77491,21144,30365,47105,43474,9241,3651
1537570800,90261,25985,30599,54371,55871,9904,3790
1536966000,94757,32463,31799,51950,59111,10345,3847
1536361200,91003,32657,27409,47687,59228,10658,4366
1535756400,86718,31428,28047,44437,54970,10853,3702
1535151600,85597,30991,27050,44061,54646,10545,3900
1534546800,85394,28976,25761,45504,55427,10913,4205
1533942000,80795,26057,25438,44148,51536,10589,3821
1533337200,84105,26571,26309,46637,53783,10896,4013
1532732400,81578,25882,24843,45226,52691,10469,4044
1532127600,82307,27314,24699,43909,53118,11084,4490
1531522800,83117,26042,26311,45986,52299,11090,4507
1530918000,84700,26512,26594,47292,53732,10895,4374
1530313200,87565,28686,29961,47512,53044,11368,4560
1529708400,89821,29339,31817,48660,53476,11822,4529
1529103600,86960,23795,34597,52122,47984,11043,4379
1528498800,85287,24517,33595,50414,47904,10356,3789
1527894000,82157,21782,32413,50417,46004,9959,3741
1527289200,81271,23193,31697,47678,45759,10400,3815
1526684400,81381,20216,33878,51422,43377,9742,4127
1526079600,81246,19235,35089,52422,42293,9589,3865
1525474800,81422,19618,36037,51775,41316,10029,4068
1524870000,76715,18150,40920,50333,32619,8233,3177
1524265200,78001,18894,41332,50231,33455,8876,3214
1523660400,77910,17510,40875,51955,33762,8444,3272
1523055600,77372,16281,43960,52387,29535,8704,3877
1522450800,77698,16553,49017,52688,25217,8458,3465
1521849600,80680,17760,51827,54035,25526,8885,3326
1521244800,81491,17423,57590,54989,21320,9080,2581
1520640000,82686,15334,58252,58441,22272,8911,2162
1520035200,87734,14256,62877,65666,22758,7813,2101
1519430400,88598,14587,63634,66114,22583,7898,2381
1518825600,86597,15660,61089,62667,23216,8270,2292
1518220800,93720,15987,64890,69606,25827,8127,3004
1517616000,95094,15530,66795,70985,25545,8580,2754
1517011200,93518,14822,65743,70224,25130,8472,2644
1516406400,89211,16231,59622,64457,26923,8522,2665
1515801600,83666,16320,53077,58277,27484,9070,3105
1515196800,83989,17820,43558,56292,37245,9876,3186
1514592000,87386,18299,41800,58813,41499,10273,4086
1513987200,89560,20030,39968,58624,45354,10906,4237
1513382400,90038,18898,37866,60568,48133,10572,4038
1512777600,80168,13829,46884,56897,29751,9441,3532
1512172800,80002,12563,51166,59102,26257,8338,2578
1511568000,79211,13633,46169,56698,29719,8881,3324
1510963200,79910,14134,45209,56766,31213,9011,3488
1510358400,79302,15284,43374,54878,32695,9139,3233
1509753600,78743,16625,42055,52640,33122,9477,3565
1509145200,76531,15823,42938,51225,30322,9482,3271
1508540400,76437,13793,44310,53103,28914,9542,3214
1507935600,76511,13771,42657,52855,30870,9885,2983
1507330800,72421,14627,42571,48498,26655,9295,3194
1506726000,71501,14043,46182,47804,22516,9654,2802
1506121200,77968,13160,52054,55164,23309,9644,2604
1505516400,82318,11728,57564,61272,22627,9318,2127
1504911600,81341,11290,57294,60548,21882,9502,2165
1504306800,77201,12098,53751,57072,20604,8033,2848
1503702000,73591,12901,49772,53196,20938,7493,2883
1503097200,71900,13623,45917,50459,22860,7817,3122
1502492400,72364,13279,43037,51259,26153,7827,3174
1501887600,73674,16834,35067,48129,35061,8711,3546
1501282800,72252,16982,32256,46627,36292,8643,3705
1500678000,73973,17667,32061,47299,38284,9006,3627
1500073200,75796,18082,28278,48505,43242,9210,4276
1499382000,73870,18336,30774,46747,38750,8787,4346
1498863600,77672,18449,33647,50221,39738,9001,4285
1498258800,77571,19342,35812,49679,37976,8551,3784
1497654000,78182,17308,36641,51991,37624,8882,3916
1497049200,71453,13946,39164,49047,29264,8461,3025
1496444400,71365,15594,37189,47326,30729,8444,3447
1495839600,72343,15624,36413,48522,32501,8197,3431
1495234800,76374,18183,35010,49689,37971,8502,3394
1494630000,78258,19820,34019,49445,40232,8994,4006
1494025200,73346,17807,39988,46916,30031,8623,3327
1493420400,66788,13321,44604,45829,18740,7638,3443
1492815600,67176,12058,46721,47282,17893,7837,2563
1492210800,65530,12957,43561,45138,19048,7435,2923
1491606000,64385,12621,44004,44202,17595,7562,2786
1491001200,66767,13632,45639,45525,18039,7611,3089
1490400000,67950,13312,46719,47300,18450,7338,2781
1489795200,68697,14983,47127,46481,18352,7234,3218
1489190400,70548,13516,55538,49587,12471,7445,2539
1488585600,74467,10829,61841,56371,10761,7266,1865
1487980800,68817,12159,56743,49475,9724,7183,2351
1487376000,67941,11287,55869,49463,9816,7192,2257
1486771200,67650,10595,55986,49756,9262,7298,2402
1486166400,67263,10779,53916,49849,10897,6636,2449
1485561600,65500,10345,51172,48082,11374,7074,2955
1484956800,66119,11478,48728,47314,14424,7327,2967
1484352000,65049,11134,45924,46668,16516,7247,2608
1483747200,66997,13281,41846,46669,22181,7046,2969
1483142400,66263,13283,41156,45729,21319,7249,3786
1482537600,67412,13336,42304,47189,21767,6887,3342
1481932800,69605,13252,41247,49588,24624,6763,3733
1481328000,69990,12339,40411,50378,26448,7274,3130
1480723200,72028,12817,39565,50799,27108,8412,5354
1480118400,67542,12073,39353,48780,24283,6689,3908
1479513600,65424,11610,37835,47209,23379,6605,4212
1478908800,68832,10062,43191,51466,21982,7305,3659
1478304000,73441,11331,39045,53823,30935,8286,3460
1477695600,72564,12519,36603,51785,32257,8261,3705
1477090800,71829,13461,38516,50173,29791,8196,3523
1476486000,72002,13259,42856,50911,25583,7832,3563
1475881200,71732,11156,47884,52841,20526,7734,3322
1475276400,72445,9817,51655,54717,17803,7911,2987
1474671600,77608,12686,54460,57332,19966,7590,3182
1474066800,78644,12420,57260,59018,18545,7205,2838
1473462000,80220,10897,62680,61464,15515,7859,2025
1472857200,81389,9704,63000,64125,15556,7562,2833
1472252400,83888,8002,67781,68639,13657,7248,2451
1471647600,83138,7772,68070,67722,12637,7643,2431
1471042800,82971,7953,69160,67464,10611,7554,3199
1470438000,81714,7422,67841,66255,11427,8037,2446
1469833200,78612,7953,64570,63124,11600,7536,2443
1469228400,76413,8275,61265,60726,12699,7414,2449
1468623600,71940,8160,56130,56130,13097,7650,2714
1468018800,65424,8812,51072,49020,12183,7590,2167
1467414000,64177,9708,43960,47263,17760,7207,2457
1466809200,66172,10282,44370,48393,19398,7496,2404
1466204400,68344,11814,45857,48732,19055,7797,3432
1465599600,65802,10380,46070,48404,17227,7018,2503
1464994800,64208,9579,45292,47810,15905,6818,3010
1464390000,66710,8964,50071,50935,14334,6812,2305
1463785200,69932,7700,53444,54662,14083,7571,2405
1463180400,68540,8303,52889,53002,13483,7237,2168
1462575600,66851,8049,52103,51148,12810,7654,1939
1461970800,64607,7866,48987,49347,13475,7394,2145
1461366000,63266,8144,46371,47705,14243,7418,2653
1460761200,59331,8679,42706,43856,13944,6797,2682
1460156400,57567,8713,41244,42129,13319,6724,3004
1459551600,59707,8836,43203,44141,13800,6730,2705
1458950400,64272,9348,46890,47538,14567,7386,2815
1458345600,64957,10145,46518,47942,15523,6871,2916
1457740800,65710,9811,48117,49163,14907,6736,2686
1457136000,67159,9211,44501,51452,19591,6496,3067
1456531200,64936,8017,45300,50015,16447,6903,3188
1455926400,66081,8470,44361,51185,18771,6427,2950
1455321600,66471,9036,41240,50895,21972,6539,3260
1454716800,67208,10410,35239,50202,27971,6598,3999
1454112000,68279,10430,34910,51432,29397,6416,3972
1453507200,70776,11634,34990,51724,31160,7418,4627
1452902400,69805,11883,37899,50198,27323,7725,4583
1452297600,66425,10616,39112,48243,23838,7566,3475
1451692800,67052,11040,38591,48579,25045,7432,3415
1451088000,70066,11561,38518,50862,27762,7644,3787
1450483200,77011,14071,39060,55169,33773,7771,4177
1449878400,77222,13140,39123,55923,34189,8158,3909
1449273600,77213,14319,37625,54346,35350,8549,4237
1448668800,76483,15102,37708,53154,34485,8226,4290
1448064000,77228,14727,41509,54797,31490,7705,4229
1447459200,73181,14386,46866,52321,22584,6474,3731
1446854400,71263,12502,49404,53033,17843,5728,4016
1446249600,72267,12617,48720,53934,20361,5714,3186
1445641200,72145,13642,46269,52877,22620,5626,3255
1445036400,73049,13769,42849,53662,27006,5619,3195
1444431600,76000,16099,38717,53642,33486,6258,3796
1443826800,76583,15669,37273,55042,35058,5873,4253
1443222000,79693,15999,40350,57256,34713,6439,4630
1442617200,74369,15382,39353,53878,30924,5110,4092
1442012400,70875,14114,41336,51843,26331,4919,3208
1441407600,70928,14254,40667,51601,26719,5073,3542
1440802800,74874,15995,40979,53795,30418,5084,3479
1440198000,79572,16214,40668,57724,35363,5634,3540
1439593200,79900,16614,38943,57007,37174,6280,3783
1438988400,80502,16890,37329,57674,39141,5937,4031
1438383600,80033,16373,37259,57985,38629,5674,4145
1437778800,81299,16744,38622,58782,38632,5773,4045
1437174000,80766,16693,39354,58301,37566,5772,3846
1436569200,78923,15386,38792,57653,36039,5884,4091
1435964400,78577,14821,39274,57494,35653,6264,3651
1435359600,84621,18512,40649,59545,39918,6564,4055
1434754800,83424,15938,41753,60963,37424,6524,4248
1434150000,77977,14647,39564,57760,34423,5571,3990
1433545200,77402,14749,41677,56759,31506,5893,4219
1432940400,73300,12646,44594,54616,25035,6038,3671
1432335600,72766,12403,45231,54781,24161,5581,3373
1431730800,73384,13623,41522,54037,28232,5725,3631
1431126000,71895,13867,42182,52696,26521,5333,3193
1430521200,72570,13840,42185,53064,26958,5666,3426
1429916400,69966,12747,42377,51974,24197,5245,3393
1429311600,69926,13201,44717,51670,21915,5055,3294
1428706800,69793,12581,43646,51960,22874,5252,3273
1428102000,69489,12209,38948,51978,26772,5303,3769
1427500800,73609,14140,38835,53549,30936,5920,3837
1426896000,73359,14695,37427,52653,31683,6011,4249
1426291200,70591,13879,38319,50515,28394,6197,3878
1425686400,70153,13868,40879,49756,25732,6527,3541
1425081600,70077,15294,42222,48372,23997,6410,3858
1424476800,68754,14977,45218,47548,20267,6229,3269
1423872000,66326,14188,46704,46465,16740,5673,2882
1423267200,67041,13769,49786,47626,14537,5645,2718
1422662400,68383,12917,52578,49047,13191,6418,2612
1422057600,71488,13568,52428,50787,16506,7132,2555
1421452800,68678,13787,47567,47997,18341,6894,2770
1420848000,67781,13736,45645,46954,18940,7090,3197
1420243200,65623,13894,45482,45011,17142,6716,2999
1419638400,67877,15934,46366,44616,17832,7327,3680
1419033600,68555,15366,46726,45847,18396,7342,3433
1418428800,68224,15942,48808,45243,16524,7037,2892
1417824000,65899,15203,44794,44694,17897,6004,3209
1417219200,65977,15506,41305,44483,21181,5988,3490
1416614400,64294,15612,38981,42671,21648,6011,3665
1416009600,61765,14553,38535,42062,19468,5150,3763
1415404800,61450,15236,37438,41422,19788,4792,4223
1414800000,62506,15961,39259,41325,19815,5221,3432
1414191600,61875,15508,39088,42075,19022,4292,3766
1413586800,60866,14979,39676,41933,17109,3953,4080
1412982000,61597,15050,40157,42131,17476,4416,3964
1412377200,60749,14238,38224,42381,18503,4130,4022
1411772400,67380,15794,45052,47206,18176,4379,4152
1411167600,73387,17674,51023,51177,18083,4536,4281
1410562800,72847,16294,52449,52016,16624,4536,3774
1409958000,70683,13295,52943,53040,14231,4347,3508
1409353200,68541,13344,54176,50833,11366,4363,2998
1408748400,70159,13696,59839,51918,7772,4546,2549
1408143600,70623,12139,62562,53595,6097,4889,1963
1407538800,71709,12711,62075,54034,7082,4964,2552
1406934000,75007,13442,65406,56297,7661,5268,1941
1406329200,76506,13384,66190,57492,8521,5630,1796
1405724400,79039,14545,68630,59087,9635,5406,774
1405119600,80126,14820,70462,59167,7493,6138,2170
1404514800,77497,14604,66470,56870,8785,6022,2241
1403910000,70453,13929,61791,51273,6349,5251,2313
1403305200,73663,16932,60976,51792,10172,4939,2516
1402700400,78852,18138,64614,55375,11523,5339,2716
1402095600,76973,15829,64599,55582,9828,5562,2545
1401490800,78865,16474,66149,56729,10030,5663,2685
1400886000,78154,14952,66588,58102,9399,5100,2167
1400281200,73655,13700,62771,55196,7588,4759,3295
1399676400,70309,13243,59753,52649,8205,4419,2352
1399071600,67515,12774,55792,50285,9139,4456,2584
1398466800,67200,11893,56798,50429,7813,4877,2589
1397862000,70943,12450,60018,53763,8795,4731,2130
1397257200,70570,12852,59143,53061,9269,4656,2157
1396652400,70354,14018,57354,51973,10643,4363,2357
1396051200,73059,14421,62770,53055,8218,5583,2070
1395446400,76963,15129,65333,55975,9598,5860,2033
1394841600,75844,15639,65626,53886,8322,6319,1896
1394236800,70925,15524,59287,50139,9442,5263,2196
1393632000,68681,14650,54371,48420,12084,5611,2227
1393027200,67532,14815,52359,46955,12645,5762,2528
1392422400,67112,14862,50116,46522,14086,5727,2909
1391817600,65378,15012,51089,44571,11188,5795,3101
1391212800,64765,13690,53465,45675,8788,5400,2511
1390608000,63909,12975,51962,44725,9385,6207,2563
1390003200,62918,14507,50455,42484,9721,5927,2741
1389398400,63132,15613,45602,41819,13990,5698,3540
1388793600,64120,16276,40799,42732,19654,5112,3667
1388188800,66071,17880,40027,43086,22134,5106,3910
1387584000,66669,17638,42549,44080,20680,4950,3441
1386979200,64847,16353,41492,43474,19819,5021,3537
1386374400,63849,16273,40530,42849,19389,4727,3930
1385769600,63738,15732,44186,43000,16096,5007,3456
1385164800,63006,14627,49427,43775,10387,4604,3193
1384560000,64969,15248,54572,45062,7583,4660,2815
1383955200,64960,15696,54872,44475,7343,4790,2745
1383350400,64440,15840,52267,44107,9398,4494,2776
1382742000,64970,16510,49465,44110,12591,4350,2913
1382137200,65196,16713,47372,44698,14339,3785,3484
1381532400,64916,15555,47377,45326,14737,4034,2801
1380927600,62958,13873,47401,45286,12047,3799,3510
1380322800,62912,13681,50231,44784,9321,4448,3360
1379718000,66257,16773,53338,45159,9801,4325,3117
1379113200,69218,16859,57925,47740,8989,4619,2305
1378508400,74941,19383,62232,50288,10293,5270,2416
1377903600,74924,19210,61935,50351,10563,5363,2426
1377298800,77389,22224,62706,50525,12068,4639,2614
1376694000,74789,21884,59400,48490,12768,4415,2621
1376089200,69784,19252,52292,46642,13996,3890,3497
1375484400,69199,18727,48168,46607,17610,3866,3421
1374879600,68182,19724,45325,44767,19157,3692,3700
1374274800,65488,18140,41520,43545,19879,3802,4088
1373670000,65619,18220,40015,43748,21516,3651,4088
1373065200,65062,17581,38667,43961,22981,3521,3415
1372460400,65838,17436,38146,42009,20959,6393,6733
1371855600,66423,18358,43207,43927,19322,4138,3894
1371250800,67831,18654,48477,44628,15775,4549,3579
1370646000,67490,18644,45345,44452,18309,4394,3836
1370041200,68178,19900,44441,44022,20126,4257,3611
1369436400,68199,20049,48551,43989,16108,4162,3540
1368831600,69781,19334,52949,46259,13525,4189,3308
1368226800,70080,20310,51893,45631,14990,4139,3198
1367622000,69411,19974,52450,45127,13643,4310,3318
1367017200,67949,19032,47945,44287,16552,4629,3452
1366412400,67399,18744,48952,43208,15156,5448,3291
1365807600,67945,15095,52312,46119,12589,6731,3044
1365202800,66782,12839,55151,46954,9538,6988,2092
1364601600,68440,15965,56223,45588,9726,6887,2491
1363996800,70658,16956,57443,45590,10145,8111,3070
1363392000,71323,15469,60765,47557,8037,8296,2521
1362787200,70828,16341,61858,46696,6556,7790,2414
1362182400,73221,15031,64248,49757,6538,8432,2435
1361577600,84327,17214,74912,58404,7418,8709,1997
1360972800,87186,17059,76300,61392,8816,8735,2070
1360368000,83909,14906,73511,60436,8410,8566,1987
1359763200,76561,12469,68340,56354,6392,7737,1829
1359158400,72304,12556,64621,52216,5704,7532,1979
1358553600,73418,16828,65776,49490,5311,7099,2331
1357948800,66564,13081,55388,46939,8501,6545,2676
1357257600,61467,9514,50783,45140,8439,6813,2246
1356652800,64410,10855,55338,46047,7022,7509,2051
1356134400,68305,10350,60166,50645,6531,7310,1608
1355529600,68609,10496,59117,49987,7715,8126,1777
1354924800,64713,9653,55128,47459,7940,7602,1646
1354320000,65325,11010,55855,46500,8315,7813,1153
1353715200,62587,11291,52655,43731,8346,7566,1587
1353110400,65754,12217,53918,45870,10112,7668,1725
1352505600,65437,11824,53939,46658,9699,6954,1798
1351900800,66284,9661,54652,50212,9806,6410,1826
1351292400,66781,8427,56527,51571,8430,6782,1823
1350687600,72329,10360,60774,55305,9485,6665,2071
1350082800,72099,9740,60736,55516,9327,6841,2035
1349478000,66418,8753,56254,50771,8240,6895,1925
1348873200,63681,8804,52771,47529,8873,7347,2037
1348268400,64341,10854,52609,46269,9291,7217,2441
1347663600,61708,9604,49126,45047,9723,7058,2859
1347058800,59176,8535,44628,43629,11627,7012,2921
1346454000,58013,8711,42388,42695,13048,6606,2578
1345849200,57585,8793,38240,42449,16392,6342,2952
1345244400,55248,9537,31425,39196,20216,6516,3608
1344639600,54391,9853,31906,38267,19071,6272,3414
1344034800,53113,10261,30888,37205,18738,5648,3487
1343430000,51837,9406,30029,36946,18230,5485,3578
1342825200,50773,8985,31042,36178,16746,5610,2986
1342220400,49655,9344,31059,35239,15467,5074,3129
1341615600,50674,9825,32402,35809,15700,5040,2573
1341010800,51353,10349,31411,35723,16859,5282,3084
1340406000,56498,14897,36389,36112,17140,5490,2970
1339801200,54325,13419,32398,35752,18566,5154,3360
1339196400,54131,13313,31514,35169,19531,5647,3085
1338591600,52728,13558,30543,33877,18916,5294,3269
1337986800,50846,12953,29726,32090,18021,5803,3098
1337382000,48529,12274,29435,30917,15884,5338,3210
1336777200,45985,11626,29867,29310,13329,5048,2789
1336172400,44623,10731,30856,28084,11343,5807,2424
1335567600,43282,11110,29136,26312,11302,5860,2844
1334962800,44125,11729,32498,26826,8923,5570,2704
1334358000,43317,10338,33604,27118,7345,5861,2368
1333753200,43520,9228,36374,28150,4947,6142,2199
1333148400,44862,9537,37197,28492,5636,6833,2028
1332547200,47776,10043,40709,30739,5067,6992,2000
1331942400,47319,9097,40373,30981,4799,7240,2146
1331337600,47312,9133,40779,31357,4649,6822,1884
1330732800,49771,9737,43742,32400,4286,7632,1742
1330128000,49194,9105,42351,33422,4855,6667,1988
1329523200,47634,8244,40989,32858,4530,6532,2115
1328918400,47227,8244,38918,32368,6088,6615,2221
1328313600,47153,8335,38314,31973,6525,6847,2315
1327708800,46121,8537,34665,31288,8822,6295,2633
1327104000,45601,8219,32237,31495,10003,5888,3361
1326499200,44662,7776,30651,30661,10261,6224,3751
1325894400,43428,7517,29716,29994,10252,5916,3460
1325289600,43945,7700,29444,29690,10863,6556,3639
1324684800,46718,10525,32825,30065,10593,6127,3301
1324080000,46548,9673,32596,30050,9997,6825,3956
1323475200,44705,8195,32477,29816,8744,6695,3484
1322870400,41773,8085,31855,27482,6879,6206,3040
1322265600,41887,8596,32590,27857,6670,5435,2627
1321660800,43236,9065,34594,28446,5941,5725,2702
1321056000,44103,9566,34974,28588,6161,5949,2967
1320451200,42478,9717,33533,27369,6268,5392,2677
1319842800,41947,9394,32228,26876,6628,5677,3091
1319238000,42277,9724,32725,27156,6556,5396,2996
1318633200,43121,10707,33164,27014,6999,5400,2958
1318028400,41787,10262,33179,26215,5929,5309,2678
1317423600,40771,9541,34056,24911,4126,6318,2589
1316818800,43264,8626,39179,26654,2430,7985,1655
1316214000,46896,8887,42787,29748,2537,8261,1571
1315609200,48961,8935,44725,31403,2859,8623,1377
1315004400,45857,9409,42564,28949,2007,7499,1286
1314399600,48000,9703,44091,31022,2499,7274,1410
1313794800,42155,9410,37697,26728,3171,6016,1287
1313190000,41319,12377,34876,23556,4676,5387,1767
1312585200,40534,9953,37371,24988,1639,5593,1523
1311980400,39677,10342,36046,24336,2185,4998,1446
1311375600,37335,10246,33100,22472,2533,4617,1702
1310770800,35559,9413,28956,22013,4180,4132,2422
1310166000,35268,9329,28907,21707,4121,4231,2240
1309561200,34170,8940,28127,20794,3806,4437,2237
1308956400,39408,9887,33554,24101,3974,5419,1880
1308351600,41128,8740,36802,27074,2500,5313,1825
1307746800,40487,8424,36761,26370,2068,5691,1658
1307142000,39078,7819,34463,25815,2770,5445,1846
1306537200,37970,7759,32855,25227,3266,4984,1850
1305932400,37962,7213,33571,25437,2317,5313,2075
1305327600,38704,6526,35258,26484,2066,5694,1380
1304722800,43254,6749,39274,30742,2632,5763,1349
1304118000,39399,6266,36331,27707,1888,5426,1179
1303513200,37348,6145,33817,25987,2112,5216,1418
1302908400,37739,6092,34142,26471,2575,5177,1023
1302303600,35918,6737,32056,23822,2217,5359,1647
1301698800,33411,6329,28789,22109,2685,4972,1937
1301097600,33551,7035,28907,21915,3014,4601,1630
1300492800,36292,7080,30729,24179,3853,5033,1710
1299888000,40895,5374,37847,29593,1948,5929,1100
1299283200,43129,6289,39693,31111,2233,5728,1203
1298678400,42636,5258,38891,31601,2511,5776,1234
1298073600,42674,5370,39720,31736,1855,5567,1098
1297468800,45015,5676,41636,33360,2189,5977,1188
1296864000,43466,5363,40401,32399,1837,5703,1227
1296259200,42764,5592,39751,31401,1842,5771,1171
1295654400,42622,4850,39609,32196,1475,5575,1537
1295049600,39733,6535,36738,27258,1856,5940,1140
1294444800,40292,6648,37361,27872,1529,5773,1403
1293840000,39717,7064,36735,26964,1675,5688,1306
1293235200,38171,7167,35070,25574,1704,5430,1397
1292630400,37710,6670,34133,25573,2098,5468,1479
1292025600,37745,5633,33961,26523,2469,5588,1315
1291420800,35020,5251,31116,24477,2675,5292,1229
1290816000,34595,5542,31249,24457,2381,4596,965
1290211200,35792,5544,32517,25206,2197,5042,1078
1289606400,42471,5899,39784,30993,1633,5578,1054
1289001600,39384,4988,37062,28788,1132,5608,1190
1288393200,38887,5180,36932,28365,949,5343,1006
1287788400,39143,6338,36119,27875,1949,4931,1076
1287183600,39435,6347,36609,27490,1851,5599,976
1286578800,38559,7171,35769,25511,1640,5876,1150
1285974000,38651,8047,35454,25113,1883,5491,1314
1285369200,37950,7289,34194,25422,2431,5239,1325
1284764400,34650,7265,30361,22335,2409,5050,1880
1284159600,32664,7732,27920,19943,3472,4988,1271
1283554800,31035,7992,26208,18573,3025,4470,1802
1282950000,30285,7699,25713,18812,2517,3774,2055
1282345200,31115,7532,26935,19442,2466,4140,1713
1281740400,31332,7452,27474,19887,2269,3993,1589
1281135600,31737,6947,28046,20473,2487,4318,1205
1280530800,29071,7058,25258,18063,2526,3950,1287
1279926000,27747,7453,23264,16289,2816,4006,1668
1279321200,28112,7780,23861,16526,2569,3807,1683
1278716400,28224,8144,24039,16333,2448,3747,1737
1278111600,29665,7702,25719,18031,2781,3932,1165
1277506800,30889,7598,26976,18620,2420,4671,1493
1276902000,30879,7939,26814,18290,2449,4650,1616
1276297200,29915,7424,25753,18114,2602,4376,1559
1275692400,30507,7213,25109,18500,3303,4794,2095
1275087600,30459,7790,25896,17953,2934,4715,1628
1274482800,35902,5030,31961,25432,2374,5441,1568
1273878000,36051,5642,32246,24882,2466,5528,1340
1273273200,36691,5785,33333,25713,2247,5193,1111
1272668400,37661,6035,33874,26212,2509,5415,1279
1272063600,37813,6196,33442,25470,2543,6146,1827
1271458800,38060,5732,34059,26732,2695,5595,1305
1270854000,38393,6127,33778,26408,2787,5858,1828
1270249200,38113,6654,33415,25942,3095,5516,1602
1269648000,38255,6396,33928,26175,2712,5684,1615
1269043200,36930,6139,32082,25554,3245,5237,1603
1268438400,35953,5710,31012,24896,3406,5347,1535
1267833600,35100,5526,30803,24086,2983,5488,1314
1267228800,34994,5576,29729,24083,3806,5335,1459
1266624000,35157,5497,29031,24655,4598,5005,1528
1266019200,34328,5771,28303,24033,4699,4524,1326
1265414400,35072,6178,28810,23932,4909,4962,1353
1264809600,34697,5976,28528,23579,5065,5142,1104
1264204800,34352,5634,29221,23315,3887,5403,1244
1263600000,34502,5770,30368,23209,3050,5523,1084
1262995200,33582,6265,30858,21936,1558,5381,1166
